trial,method,n,m,k,noise_std,matrix_type,nrmse,precision,recall,f1,exact_support
0,CorrelationTopK,256,128,55,0.01,coherent,0.8929941114345206,0.32727272727272727,0.32727272727272727,0.32727272727272727,0
0,LearnedSupportMLP,256,128,55,0.01,coherent,0.700012516884351,0.43636363636363634,0.43636363636363634,0.43636363636363634,0
0,OMP,256,128,55,0.01,coherent,0.25293067372519357,0.6909090909090909,0.6909090909090909,0.6909090909090909,0
0,OMP_LearnedUnion,256,128,55,0.01,coherent,0.25699825987155656,0.6909090909090909,0.6909090909090909,0.6909090909090909,0
0,CoSaMP,256,128,55,0.01,coherent,0.3316543634251753,0.6,0.6,0.6,0
1,CorrelationTopK,256,128,55,0.01,coherent,0.8165360186054054,0.4727272727272727,0.4727272727272727,0.4727272727272727,0
1,LearnedSupportMLP,256,128,55,0.01,coherent,0.7087806987326916,0.5272727272727272,0.5272727272727272,0.5272727272727272,0
1,OMP,256,128,55,0.01,coherent,0.02097741428396842,0.9090909090909091,0.9090909090909091,0.9090909090909091,0
1,OMP_LearnedUnion,256,128,55,0.01,coherent,0.02686641779128474,0.8909090909090909,0.8909090909090909,0.8909090909090909,0
1,CoSaMP,256,128,55,0.01,coherent,0.44080500574703874,0.6363636363636364,0.6363636363636364,0.6363636363636364,0
2,CorrelationTopK,256,128,55,0.01,coherent,0.6182468492667499,0.43636363636363634,0.43636363636363634,0.43636363636363634,0
2,LearnedSupportMLP,256,128,55,0.01,coherent,0.6875150341644787,0.41818181818181815,0.41818181818181815,0.41818181818181815,0
2,OMP,256,128,55,0.01,coherent,0.6793908627008038,0.4727272727272727,0.4727272727272727,0.4727272727272727,0
2,OMP_LearnedUnion,256,128,55,0.01,coherent,0.665358638821718,0.4909090909090909,0.4909090909090909,0.4909090909090909,0
2,CoSaMP,256,128,55,0.01,coherent,0.5316313764808411,0.5818181818181818,0.5818181818181818,0.5818181818181818,0
3,CorrelationTopK,256,128,55,0.01,coherent,0.809325981469394,0.3090909090909091,0.3090909090909091,0.3090909090909091,0
3,LearnedSupportMLP,256,128,55,0.01,coherent,0.7257972729128562,0.38181818181818183,0.38181818181818183,0.38181818181818183,0
3,OMP,256,128,55,0.01,coherent,0.07614203667716705,0.8909090909090909,0.8909090909090909,0.8909090909090909,0
3,OMP_LearnedUnion,256,128,55,0.01,coherent,0.07976265614560168,0.9090909090909091,0.9090909090909091,0.9090909090909091,0
3,CoSaMP,256,128,55,0.01,coherent,0.5047378402095116,0.5272727272727272,0.5272727272727272,0.5272727272727272,0
4,CorrelationTopK,256,128,55,0.01,coherent,0.8451265953256051,0.38181818181818183,0.38181818181818183,0.38181818181818183,0
4,LearnedSupportMLP,256,128,55,0.01,coherent,0.6409268505927908,0.43636363636363634,0.43636363636363634,0.43636363636363634,0
4,OMP,256,128,55,0.01,coherent,0.07227939833081995,0.8363636363636363,0.8363636363636363,0.8363636363636363,0
4,OMP_LearnedUnion,256,128,55,0.01,coherent,0.07727230457055356,0.8363636363636363,0.8363636363636363,0.8363636363636363,0
4,CoSaMP,256,128,55,0.01,coherent,0.6197483497918053,0.5636363636363636,0.5636363636363636,0.5636363636363636,0
5,CorrelationTopK,256,128,55,0.01,coherent,0.6852144293182423,0.38181818181818183,0.38181818181818183,0.38181818181818183,0
5,LearnedSupportMLP,256,128,55,0.01,coherent,0.4859591222175386,0.4727272727272727,0.4727272727272727,0.4727272727272727,0
5,OMP,256,128,55,0.01,coherent,0.41769145989717804,0.6363636363636364,0.6363636363636364,0.6363636363636364,0
5,OMP_LearnedUnion,256,128,55,0.01,coherent,0.31713815225380465,0.7090909090909091,0.7090909090909091,0.7090909090909091,0
5,CoSaMP,256,128,55,0.01,coherent,0.40909517618645846,0.6,0.6,0.6,0
6,CorrelationTopK,256,128,55,0.01,coherent,0.8276985627604782,0.43636363636363634,0.43636363636363634,0.43636363636363634,0
6,LearnedSupportMLP,256,128,55,0.01,coherent,0.6935611698230095,0.45454545454545453,0.45454545454545453,0.45454545454545453,0
6,OMP,256,128,55,0.01,coherent,0.4218291195909633,0.6545454545454545,0.6545454545454545,0.6545454545454545,0
6,OMP_LearnedUnion,256,128,55,0.01,coherent,0.35472835583559065,0.7090909090909091,0.7090909090909091,0.7090909090909091,0
6,CoSaMP,256,128,55,0.01,coherent,0.5060059012456842,0.5454545454545454,0.5454545454545454,0.5454545454545454,0
7,CorrelationTopK,256,128,55,0.01,coherent,0.7729081637609645,0.34545454545454546,0.34545454545454546,0.34545454545454546,0
7,LearnedSupportMLP,256,128,55,0.01,coherent,0.5564736069534424,0.41818181818181815,0.41818181818181815,0.41818181818181815,0
7,OMP,256,128,55,0.01,coherent,0.23979225894980558,0.7090909090909091,0.7090909090909091,0.7090909090909091,0
7,OMP_LearnedUnion,256,128,55,0.01,coherent,0.17728225567913558,0.7454545454545455,0.7454545454545455,0.7454545454545455,0
7,CoSaMP,256,128,55,0.01,coherent,0.3403921297001172,0.5818181818181818,0.5818181818181818,0.5818181818181818,0
8,CorrelationTopK,256,128,55,0.01,coherent,0.827989462263837,0.34545454545454546,0.34545454545454546,0.34545454545454546,0
8,LearnedSupportMLP,256,128,55,0.01,coherent,0.5596840815274049,0.41818181818181815,0.41818181818181815,0.41818181818181815,0
8,OMP,256,128,55,0.01,coherent,0.02592896681567148,0.9090909090909091,0.9090909090909091,0.9090909090909091,0
8,OMP_LearnedUnion,256,128,55,0.01,coherent,0.02593149497708622,0.9090909090909091,0.9090909090909091,0.9090909090909091,0
8,CoSaMP,256,128,55,0.01,coherent,0.5101114563890381,0.4727272727272727,0.4727272727272727,0.4727272727272727,0
9,CorrelationTopK,256,128,55,0.01,coherent,0.9697794135061728,0.41818181818181815,0.41818181818181815,0.41818181818181815,0
9,LearnedSupportMLP,256,128,55,0.01,coherent,0.6747041636397917,0.5272727272727272,0.5272727272727272,0.5272727272727272,0
9,OMP,256,128,55,0.01,coherent,0.5609622693216924,0.6,0.6,0.6,0
9,OMP_LearnedUnion,256,128,55,0.01,coherent,0.42808928348319925,0.6909090909090909,0.6909090909090909,0.6909090909090909,0
9,CoSaMP,256,128,55,0.01,coherent,0.4634372495141249,0.6363636363636364,0.6363636363636364,0.6363636363636364,0
10,CorrelationTopK,256,128,55,0.01,coherent,0.6115161282709204,0.38181818181818183,0.38181818181818183,0.38181818181818183,0
10,LearnedSupportMLP,256,128,55,0.01,coherent,0.6474038991518524,0.38181818181818183,0.38181818181818183,0.38181818181818183,0
10,OMP,256,128,55,0.01,coherent,0.0455013172139218,0.8909090909090909,0.8909090909090909,0.8909090909090909,0
10,OMP_LearnedUnion,256,128,55,0.01,coherent,0.045356518606318834,0.8909090909090909,0.8909090909090909,0.8909090909090909,0
10,CoSaMP,256,128,55,0.01,coherent,0.3877477188839783,0.5454545454545454,0.5454545454545454,0.5454545454545454,0
11,CorrelationTopK,256,128,55,0.01,coherent,0.5869992325701496,0.4909090909090909,0.4909090909090909,0.4909090909090909,0
11,LearnedSupportMLP,256,128,55,0.01,coherent,0.48802350635647684,0.509090909090909,0.509090909090909,0.509090909090909,0
11,OMP,256,128,55,0.01,coherent,0.575367084056578,0.5454545454545454,0.5454545454545454,0.5454545454545454,0
11,OMP_LearnedUnion,256,128,55,0.01,coherent,0.5517159068741012,0.5454545454545454,0.5454545454545454,0.5454545454545454,0
11,CoSaMP,256,128,55,0.01,coherent,0.4998954661998073,0.5636363636363636,0.5636363636363636,0.5636363636363636,0
12,CorrelationTopK,256,128,55,0.01,coherent,0.618283389188779,0.45454545454545453,0.45454545454545453,0.45454545454545453,0
12,LearnedSupportMLP,256,128,55,0.01,coherent,0.6460114576919472,0.41818181818181815,0.41818181818181815,0.41818181818181815,0
12,OMP,256,128,55,0.01,coherent,0.027497030224615693,0.9454545454545454,0.9454545454545454,0.9454545454545454,0
12,OMP_LearnedUnion,256,128,55,0.01,coherent,0.029887011004941306,0.9454545454545454,0.9454545454545454,0.9454545454545454,0
12,CoSaMP,256,128,55,0.01,coherent,0.3484058491898217,0.5818181818181818,0.5818181818181818,0.5818181818181818,0
13,CorrelationTopK,256,128,55,0.01,coherent,0.6491809320011982,0.41818181818181815,0.41818181818181815,0.41818181818181815,0
13,LearnedSupportMLP,256,128,55,0.01,coherent,0.6867121981510136,0.4,0.4,0.4000000000000001,0
13,OMP,256,128,55,0.01,coherent,0.5652272046872198,0.6,0.6,0.6,0
13,OMP_LearnedUnion,256,128,55,0.01,coherent,0.5808057141127305,0.5818181818181818,0.5818181818181818,0.5818181818181818,0
13,CoSaMP,256,128,55,0.01,coherent,0.3886245845912232,0.6363636363636364,0.6363636363636364,0.6363636363636364,0
14,CorrelationTopK,256,128,55,0.01,coherent,0.7575000843232699,0.43636363636363634,0.43636363636363634,0.43636363636363634,0
14,LearnedSupportMLP,256,128,55,0.01,coherent,0.786849907087202,0.38181818181818183,0.38181818181818183,0.38181818181818183,0
14,OMP,256,128,55,0.01,coherent,0.06820261952899531,0.8363636363636363,0.8363636363636363,0.8363636363636363,0
14,OMP_LearnedUnion,256,128,55,0.01,coherent,0.06954393844766744,0.8363636363636363,0.8363636363636363,0.8363636363636363,0
14,CoSaMP,256,128,55,0.01,coherent,0.6685471635146145,0.45454545454545453,0.45454545454545453,0.45454545454545453,0
15,CorrelationTopK,256,128,55,0.01,coherent,0.6856820832785108,0.4,0.4,0.4000000000000001,0
15,LearnedSupportMLP,256,128,55,0.01,coherent,0.685697802451273,0.45454545454545453,0.45454545454545453,0.45454545454545453,0
15,OMP,256,128,55,0.01,coherent,0.06667361460270028,0.8545454545454545,0.8545454545454545,0.8545454545454545,0
15,OMP_LearnedUnion,256,128,55,0.01,coherent,0.06252214144165626,0.8727272727272727,0.8727272727272727,0.8727272727272727,0
15,CoSaMP,256,128,55,0.01,coherent,0.4998735190027576,0.5818181818181818,0.5818181818181818,0.5818181818181818,0
16,CorrelationTopK,256,128,55,0.01,coherent,0.6722800936402625,0.4,0.4,0.4000000000000001,0
16,LearnedSupportMLP,256,128,55,0.01,coherent,0.6812948237538989,0.43636363636363634,0.43636363636363634,0.43636363636363634,0
16,OMP,256,128,55,0.01,coherent,0.35090188824618584,0.6545454545454545,0.6545454545454545,0.6545454545454545,0
16,OMP_LearnedUnion,256,128,55,0.01,coherent,0.3017460266311854,0.6909090909090909,0.6909090909090909,0.6909090909090909,0
16,CoSaMP,256,128,55,0.01,coherent,0.49340610151042863,0.5636363636363636,0.5636363636363636,0.5636363636363636,0
17,CorrelationTopK,256,128,55,0.01,coherent,0.8290156691678344,0.3090909090909091,0.3090909090909091,0.3090909090909091,0
17,LearnedSupportMLP,256,128,55,0.01,coherent,0.6736100124047423,0.38181818181818183,0.38181818181818183,0.38181818181818183,0
17,OMP,256,128,55,0.01,coherent,0.16769780735867396,0.7636363636363637,0.7636363636363637,0.7636363636363637,0
17,OMP_LearnedUnion,256,128,55,0.01,coherent,0.12420896871197773,0.8181818181818182,0.8181818181818182,0.8181818181818182,0
17,CoSaMP,256,128,55,0.01,coherent,0.4511352089302669,0.5272727272727272,0.5272727272727272,0.5272727272727272,0
18,CorrelationTopK,256,128,55,0.01,coherent,0.8419998091732209,0.32727272727272727,0.32727272727272727,0.32727272727272727,0
18,LearnedSupportMLP,256,128,55,0.01,coherent,0.5542946739790199,0.41818181818181815,0.41818181818181815,0.41818181818181815,0
18,OMP,256,128,55,0.01,coherent,0.03171395803658574,0.9636363636363636,0.9636363636363636,0.9636363636363636,0
18,OMP_LearnedUnion,256,128,55,0.01,coherent,0.032164983471026344,0.9636363636363636,0.9636363636363636,0.9636363636363636,0
18,CoSaMP,256,128,55,0.01,coherent,0.3929106597233539,0.5636363636363636,0.5636363636363636,0.5636363636363636,0
19,CorrelationTopK,256,128,55,0.01,coherent,0.5122780150124091,0.5636363636363636,0.5636363636363636,0.5636363636363636,0
19,LearnedSupportMLP,256,128,55,0.01,coherent,0.566309747410476,0.5636363636363636,0.5636363636363636,0.5636363636363636,0
19,OMP,256,128,55,0.01,coherent,0.12933341490667727,0.8181818181818182,0.8181818181818182,0.8181818181818182,0
19,OMP_LearnedUnion,256,128,55,0.01,coherent,0.12342947354300966,0.8545454545454545,0.8545454545454545,0.8545454545454545,0
19,CoSaMP,256,128,55,0.01,coherent,0.29161305731245984,0.6545454545454545,0.6545454545454545,0.6545454545454545,0
20,CorrelationTopK,256,128,55,0.01,coherent,0.7620725830011308,0.38181818181818183,0.38181818181818183,0.38181818181818183,0
20,LearnedSupportMLP,256,128,55,0.01,coherent,0.7097768022055804,0.41818181818181815,0.41818181818181815,0.41818181818181815,0
20,OMP,256,128,55,0.01,coherent,0.0184911750412141,0.9454545454545454,0.9454545454545454,0.9454545454545454,0
20,OMP_LearnedUnion,256,128,55,0.01,coherent,0.019132457225550622,0.9454545454545454,0.9454545454545454,0.9454545454545454,0
20,CoSaMP,256,128,55,0.01,coherent,0.3221074012050102,0.6181818181818182,0.6181818181818182,0.6181818181818182,0
21,CorrelationTopK,256,128,55,0.01,coherent,0.6935071382029383,0.45454545454545453,0.45454545454545453,0.45454545454545453,0
21,LearnedSupportMLP,256,128,55,0.01,coherent,0.4888293883192932,0.509090909090909,0.509090909090909,0.509090909090909,0
21,OMP,256,128,55,0.01,coherent,0.36017114595258887,0.6545454545454545,0.6545454545454545,0.6545454545454545,0
21,OMP_LearnedUnion,256,128,55,0.01,coherent,0.2893352023393252,0.6727272727272727,0.6727272727272727,0.6727272727272727,0
21,CoSaMP,256,128,55,0.01,coherent,0.2505241100836527,0.6909090909090909,0.6909090909090909,0.6909090909090909,0
22,CorrelationTopK,256,128,55,0.01,coherent,0.831072803225389,0.32727272727272727,0.32727272727272727,0.32727272727272727,0
22,LearnedSupportMLP,256,128,55,0.01,coherent,0.7032905469424289,0.4,0.4,0.4000000000000001,0
22,OMP,256,128,55,0.01,coherent,0.019640578585050847,0.9454545454545454,0.9454545454545454,0.9454545454545454,0
22,OMP_LearnedUnion,256,128,55,0.01,coherent,0.023963968663473858,0.9272727272727272,0.9272727272727272,0.9272727272727272,0
22,CoSaMP,256,128,55,0.01,coherent,0.5680053651936491,0.5454545454545454,0.5454545454545454,0.5454545454545454,0
23,CorrelationTopK,256,128,55,0.01,coherent,0.6930437139161577,0.4,0.4,0.4000000000000001,0
23,LearnedSupportMLP,256,128,55,0.01,coherent,0.5444070711703295,0.4727272727272727,0.4727272727272727,0.4727272727272727,0
23,OMP,256,128,55,0.01,coherent,0.4209714654288009,0.6545454545454545,0.6545454545454545,0.6545454545454545,0
23,OMP_LearnedUnion,256,128,55,0.01,coherent,0.3545130341642162,0.6727272727272727,0.6727272727272727,0.6727272727272727,0
23,CoSaMP,256,128,55,0.01,coherent,0.6006237495574372,0.509090909090909,0.509090909090909,0.509090909090909,0
24,CorrelationTopK,256,128,55,0.01,coherent,0.8434605197133059,0.38181818181818183,0.38181818181818183,0.38181818181818183,0
24,LearnedSupportMLP,256,128,55,0.01,coherent,0.5701822011881409,0.4909090909090909,0.4909090909090909,0.4909090909090909,0
24,OMP,256,128,55,0.01,coherent,0.17434371187405234,0.8181818181818182,0.8181818181818182,0.8181818181818182,0
24,OMP_LearnedUnion,256,128,55,0.01,coherent,0.1568510783413362,0.8363636363636363,0.8363636363636363,0.8363636363636363,0
24,CoSaMP,256,128,55,0.01,coherent,0.3255456138881021,0.6181818181818182,0.6181818181818182,0.6181818181818182,0
25,CorrelationTopK,256,128,55,0.01,coherent,0.7871095863268053,0.38181818181818183,0.38181818181818183,0.38181818181818183,0
25,LearnedSupportMLP,256,128,55,0.01,coherent,0.6820144613800345,0.4727272727272727,0.4727272727272727,0.4727272727272727,0
25,OMP,256,128,55,0.01,coherent,0.6308009040072343,0.5272727272727272,0.5272727272727272,0.5272727272727272,0
25,OMP_LearnedUnion,256,128,55,0.01,coherent,0.6310793604630344,0.5454545454545454,0.5454545454545454,0.5454545454545454,0
25,CoSaMP,256,128,55,0.01,coherent,0.5025471928535061,0.5636363636363636,0.5636363636363636,0.5636363636363636,0
26,CorrelationTopK,256,128,55,0.01,coherent,0.7695101444105071,0.36363636363636365,0.36363636363636365,0.36363636363636365,0
26,LearnedSupportMLP,256,128,55,0.01,coherent,0.641026140953893,0.41818181818181815,0.41818181818181815,0.41818181818181815,0
26,OMP,256,128,55,0.01,coherent,0.0417659423940869,0.8909090909090909,0.8909090909090909,0.8909090909090909,0
26,OMP_LearnedUnion,256,128,55,0.01,coherent,0.046525373740456163,0.8727272727272727,0.8727272727272727,0.8727272727272727,0
26,CoSaMP,256,128,55,0.01,coherent,0.5285665270834246,0.509090909090909,0.509090909090909,0.509090909090909,0
27,CorrelationTopK,256,128,55,0.01,coherent,0.5824869564068965,0.38181818181818183,0.38181818181818183,0.38181818181818183,0
27,LearnedSupportMLP,256,128,55,0.01,coherent,0.6515330013362252,0.34545454545454546,0.34545454545454546,0.34545454545454546,0
27,OMP,256,128,55,0.01,coherent,0.12464957851457391,0.7818181818181819,0.7818181818181819,0.7818181818181819,0
27,OMP_LearnedUnion,256,128,55,0.01,coherent,0.12177846029028837,0.7818181818181819,0.7818181818181819,0.7818181818181819,0
27,CoSaMP,256,128,55,0.01,coherent,0.37519218704680307,0.5818181818181818,0.5818181818181818,0.5818181818181818,0
28,CorrelationTopK,256,128,55,0.01,coherent,0.909380615327025,0.32727272727272727,0.32727272727272727,0.32727272727272727,0
28,LearnedSupportMLP,256,128,55,0.01,coherent,0.6123011044233921,0.4909090909090909,0.4909090909090909,0.4909090909090909,0
28,OMP,256,128,55,0.01,coherent,0.4132573503855617,0.6363636363636364,0.6363636363636364,0.6363636363636364,0
28,OMP_LearnedUnion,256,128,55,0.01,coherent,0.39694654800276563,0.6363636363636364,0.6363636363636364,0.6363636363636364,0
28,CoSaMP,256,128,55,0.01,coherent,0.5057536054861295,0.5818181818181818,0.5818181818181818,0.5818181818181818,0
29,CorrelationTopK,256,128,55,0.01,coherent,0.6048267078182012,0.43636363636363634,0.43636363636363634,0.43636363636363634,0
29,LearnedSupportMLP,256,128,55,0.01,coherent,0.7219887701927725,0.4909090909090909,0.4909090909090909,0.4909090909090909,0
29,OMP,256,128,55,0.01,coherent,0.09911635383129559,0.8545454545454545,0.8545454545454545,0.8545454545454545,0
29,OMP_LearnedUnion,256,128,55,0.01,coherent,0.08381450738672207,0.8909090909090909,0.8909090909090909,0.8909090909090909,0
29,CoSaMP,256,128,55,0.01,coherent,0.3360213345658286,0.6545454545454545,0.6545454545454545,0.6545454545454545,0
30,CorrelationTopK,256,128,55,0.01,coherent,0.6540317722259145,0.36363636363636365,0.36363636363636365,0.36363636363636365,0
30,LearnedSupportMLP,256,128,55,0.01,coherent,0.6114086041428688,0.43636363636363634,0.43636363636363634,0.43636363636363634,0
30,OMP,256,128,55,0.01,coherent,0.36953665137975944,0.6,0.6,0.6,0
30,OMP_LearnedUnion,256,128,55,0.01,coherent,0.3552326693967523,0.6181818181818182,0.6181818181818182,0.6181818181818182,0
30,CoSaMP,256,128,55,0.01,coherent,0.562844666931826,0.45454545454545453,0.45454545454545453,0.45454545454545453,0
31,CorrelationTopK,256,128,55,0.01,coherent,0.8151753144840309,0.36363636363636365,0.36363636363636365,0.36363636363636365,0
31,LearnedSupportMLP,256,128,55,0.01,coherent,0.5791629830433282,0.4727272727272727,0.4727272727272727,0.4727272727272727,0
31,OMP,256,128,55,0.01,coherent,0.8215030083702387,0.4,0.4,0.4000000000000001,0
31,OMP_LearnedUnion,256,128,55,0.01,coherent,0.7264192595788225,0.45454545454545453,0.45454545454545453,0.45454545454545453,0
31,CoSaMP,256,128,55,0.01,coherent,0.6611983547423297,0.5272727272727272,0.5272727272727272,0.5272727272727272,0
32,CorrelationTopK,256,128,55,0.01,coherent,0.7706099136259185,0.38181818181818183,0.38181818181818183,0.38181818181818183,0
32,LearnedSupportMLP,256,128,55,0.01,coherent,0.6534357809339892,0.41818181818181815,0.41818181818181815,0.41818181818181815,0
32,OMP,256,128,55,0.01,coherent,0.02189927524674885,0.9272727272727272,0.9272727272727272,0.9272727272727272,0
32,OMP_LearnedUnion,256,128,55,0.01,coherent,0.022974035533295616,0.9272727272727272,0.9272727272727272,0.9272727272727272,0
32,CoSaMP,256,128,55,0.01,coherent,0.44912642496377214,0.6181818181818182,0.6181818181818182,0.6181818181818182,0
33,CorrelationTopK,256,128,55,0.01,coherent,1.0355407186716699,0.3090909090909091,0.3090909090909091,0.3090909090909091,0
33,LearnedSupportMLP,256,128,55,0.01,coherent,0.7470787153758605,0.34545454545454546,0.34545454545454546,0.34545454545454546,0
33,OMP,256,128,55,0.01,coherent,0.6233824954223754,0.4909090909090909,0.4909090909090909,0.4909090909090909,0
33,OMP_LearnedUnion,256,128,55,0.01,coherent,0.6125781261307519,0.4909090909090909,0.4909090909090909,0.4909090909090909,0
33,CoSaMP,256,128,55,0.01,coherent,0.6225784419522196,0.4909090909090909,0.4909090909090909,0.4909090909090909,0
34,CorrelationTopK,256,128,55,0.01,coherent,0.7469294969948569,0.4909090909090909,0.4909090909090909,0.4909090909090909,0
34,LearnedSupportMLP,256,128,55,0.01,coherent,0.7309382871795196,0.4909090909090909,0.4909090909090909,0.4909090909090909,0
34,OMP,256,128,55,0.01,coherent,0.049974405608863896,0.9090909090909091,0.9090909090909091,0.9090909090909091,0
34,OMP_LearnedUnion,256,128,55,0.01,coherent,0.03712234089483116,0.9454545454545454,0.9454545454545454,0.9454545454545454,0
34,CoSaMP,256,128,55,0.01,coherent,0.4288563776500121,0.6363636363636364,0.6363636363636364,0.6363636363636364,0
35,CorrelationTopK,256,128,55,0.01,coherent,0.928898525842836,0.2545454545454545,0.2545454545454545,0.2545454545454545,0
35,LearnedSupportMLP,256,128,55,0.01,coherent,0.7646126873523635,0.34545454545454546,0.34545454545454546,0.34545454545454546,0
35,OMP,256,128,55,0.01,coherent,0.4403919761999437,0.6363636363636364,0.6363636363636364,0.6363636363636364,0
35,OMP_LearnedUnion,256,128,55,0.01,coherent,0.3846766247475394,0.6545454545454545,0.6545454545454545,0.6545454545454545,0
35,CoSaMP,256,128,55,0.01,coherent,0.5096152529157997,0.5818181818181818,0.5818181818181818,0.5818181818181818,0
36,CorrelationTopK,256,128,55,0.01,coherent,0.956492633217478,0.2545454545454545,0.2545454545454545,0.2545454545454545,0
36,LearnedSupportMLP,256,128,55,0.01,coherent,0.6267709311794046,0.4,0.4,0.4000000000000001,0
36,OMP,256,128,55,0.01,coherent,0.4027875689493973,0.6545454545454545,0.6545454545454545,0.6545454545454545,0
36,OMP_LearnedUnion,256,128,55,0.01,coherent,0.3962601394833257,0.6545454545454545,0.6545454545454545,0.6545454545454545,0
36,CoSaMP,256,128,55,0.01,coherent,0.7428537623130644,0.38181818181818183,0.38181818181818183,0.38181818181818183,0
37,CorrelationTopK,256,128,55,0.01,coherent,0.634062395140417,0.43636363636363634,0.43636363636363634,0.43636363636363634,0
37,LearnedSupportMLP,256,128,55,0.01,coherent,0.5978194132374286,0.4,0.4,0.4000000000000001,0
37,OMP,256,128,55,0.01,coherent,0.01352289374567837,0.9636363636363636,0.9636363636363636,0.9636363636363636,0
37,OMP_LearnedUnion,256,128,55,0.01,coherent,0.014208029406883538,0.9636363636363636,0.9636363636363636,0.9636363636363636,0
37,CoSaMP,256,128,55,0.01,coherent,0.3854689225865339,0.6545454545454545,0.6545454545454545,0.6545454545454545,0
38,CorrelationTopK,256,128,55,0.01,coherent,0.6572084576205822,0.38181818181818183,0.38181818181818183,0.38181818181818183,0
38,LearnedSupportMLP,256,128,55,0.01,coherent,0.6717165589673765,0.38181818181818183,0.38181818181818183,0.38181818181818183,0
38,OMP,256,128,55,0.01,coherent,0.4109158871644558,0.6181818181818182,0.6181818181818182,0.6181818181818182,0
38,OMP_LearnedUnion,256,128,55,0.01,coherent,0.3816782084406477,0.6181818181818182,0.6181818181818182,0.6181818181818182,0
38,CoSaMP,256,128,55,0.01,coherent,0.41580081780759603,0.5636363636363636,0.5636363636363636,0.5636363636363636,0
39,CorrelationTopK,256,128,55,0.01,coherent,0.6875466971640902,0.36363636363636365,0.36363636363636365,0.36363636363636365,0
39,LearnedSupportMLP,256,128,55,0.01,coherent,0.5399546319261826,0.45454545454545453,0.45454545454545453,0.45454545454545453,0
39,OMP,256,128,55,0.01,coherent,0.1945858827227609,0.7090909090909091,0.7090909090909091,0.7090909090909091,0
39,OMP_LearnedUnion,256,128,55,0.01,coherent,0.16788313542729869,0.7454545454545455,0.7454545454545455,0.7454545454545455,0
39,CoSaMP,256,128,55,0.01,coherent,0.48737836928693534,0.5272727272727272,0.5272727272727272,0.5272727272727272,0
40,CorrelationTopK,256,128,55,0.01,coherent,0.8665312790389521,0.2545454545454545,0.2545454545454545,0.2545454545454545,0
40,LearnedSupportMLP,256,128,55,0.01,coherent,0.7608334957864584,0.38181818181818183,0.38181818181818183,0.38181818181818183,0
40,OMP,256,128,55,0.01,coherent,0.6709326073252062,0.4909090909090909,0.4909090909090909,0.4909090909090909,0
40,OMP_LearnedUnion,256,128,55,0.01,coherent,0.656267242025376,0.4909090909090909,0.4909090909090909,0.4909090909090909,0
40,CoSaMP,256,128,55,0.01,coherent,0.48434267428788547,0.5636363636363636,0.5636363636363636,0.5636363636363636,0
41,CorrelationTopK,256,128,55,0.01,coherent,0.7933619325815836,0.34545454545454546,0.34545454545454546,0.34545454545454546,0
41,LearnedSupportMLP,256,128,55,0.01,coherent,0.7923348333525919,0.38181818181818183,0.38181818181818183,0.38181818181818183,0
41,OMP,256,128,55,0.01,coherent,0.029016401566412286,0.9454545454545454,0.9454545454545454,0.9454545454545454,0
41,OMP_LearnedUnion,256,128,55,0.01,coherent,0.031689867223684116,0.9454545454545454,0.9454545454545454,0.9454545454545454,0
41,CoSaMP,256,128,55,0.01,coherent,0.4629359909550201,0.6,0.6,0.6,0
42,CorrelationTopK,256,128,55,0.01,coherent,0.7741853736181882,0.34545454545454546,0.34545454545454546,0.34545454545454546,0
42,LearnedSupportMLP,256,128,55,0.01,coherent,0.6707063246389883,0.4,0.4,0.4000000000000001,0
42,OMP,256,128,55,0.01,coherent,0.3941109793510062,0.6,0.6,0.6,0
42,OMP_LearnedUnion,256,128,55,0.01,coherent,0.37974725925593505,0.6181818181818182,0.6181818181818182,0.6181818181818182,0
42,CoSaMP,256,128,55,0.01,coherent,0.4597440533300293,0.5636363636363636,0.5636363636363636,0.5636363636363636,0
43,CorrelationTopK,256,128,55,0.01,coherent,0.8616128351145378,0.32727272727272727,0.32727272727272727,0.32727272727272727,0
43,LearnedSupportMLP,256,128,55,0.01,coherent,0.7202156551799307,0.38181818181818183,0.38181818181818183,0.38181818181818183,0
43,OMP,256,128,55,0.01,coherent,0.051374160793741394,0.8727272727272727,0.8727272727272727,0.8727272727272727,0
43,OMP_LearnedUnion,256,128,55,0.01,coherent,0.05088593431557741,0.8727272727272727,0.8727272727272727,0.8727272727272727,0
43,CoSaMP,256,128,55,0.01,coherent,0.3698334751028706,0.5454545454545454,0.5454545454545454,0.5454545454545454,0
44,CorrelationTopK,256,128,55,0.01,coherent,0.7775644643765799,0.4,0.4,0.4000000000000001,0
44,LearnedSupportMLP,256,128,55,0.01,coherent,0.6705789495488866,0.45454545454545453,0.45454545454545453,0.45454545454545453,0
44,OMP,256,128,55,0.01,coherent,0.5219938873705049,0.5636363636363636,0.5636363636363636,0.5636363636363636,0
44,OMP_LearnedUnion,256,128,55,0.01,coherent,0.5267653463670163,0.5454545454545454,0.5454545454545454,0.5454545454545454,0
44,CoSaMP,256,128,55,0.01,coherent,0.39116806875956095,0.6,0.6,0.6,0
45,CorrelationTopK,256,128,55,0.01,coherent,0.6459224314833316,0.41818181818181815,0.41818181818181815,0.41818181818181815,0
45,LearnedSupportMLP,256,128,55,0.01,coherent,0.6653381073307267,0.45454545454545453,0.45454545454545453,0.45454545454545453,0
45,OMP,256,128,55,0.01,coherent,0.19603942795103685,0.7454545454545455,0.7454545454545455,0.7454545454545455,0
45,OMP_LearnedUnion,256,128,55,0.01,coherent,0.18121757099824065,0.7818181818181819,0.7818181818181819,0.7818181818181819,0
45,CoSaMP,256,128,55,0.01,coherent,0.49764787153554096,0.5818181818181818,0.5818181818181818,0.5818181818181818,0
46,CorrelationTopK,256,128,55,0.01,coherent,0.7306347730352896,0.4,0.4,0.4000000000000001,0
46,LearnedSupportMLP,256,128,55,0.01,coherent,0.652276457755215,0.41818181818181815,0.41818181818181815,0.41818181818181815,0
46,OMP,256,128,55,0.01,coherent,0.2127570898141646,0.7818181818181819,0.7818181818181819,0.7818181818181819,0
46,OMP_LearnedUnion,256,128,55,0.01,coherent,0.2225116898781945,0.7818181818181819,0.7818181818181819,0.7818181818181819,0
46,CoSaMP,256,128,55,0.01,coherent,0.43031867954262987,0.5636363636363636,0.5636363636363636,0.5636363636363636,0
47,CorrelationTopK,256,128,55,0.01,coherent,0.6297865744312884,0.4727272727272727,0.4727272727272727,0.4727272727272727,0
47,LearnedSupportMLP,256,128,55,0.01,coherent,0.7058929480589997,0.45454545454545453,0.45454545454545453,0.45454545454545453,0
47,OMP,256,128,55,0.01,coherent,0.43101839305356143,0.6545454545454545,0.6545454545454545,0.6545454545454545,0
47,OMP_LearnedUnion,256,128,55,0.01,coherent,0.4498629021543251,0.6181818181818182,0.6181818181818182,0.6181818181818182,0
47,CoSaMP,256,128,55,0.01,coherent,0.45502130994851625,0.5818181818181818,0.5818181818181818,0.5818181818181818,0
48,CorrelationTopK,256,128,55,0.01,coherent,1.013263991597539,0.32727272727272727,0.32727272727272727,0.32727272727272727,0
48,LearnedSupportMLP,256,128,55,0.01,coherent,0.616597348406358,0.41818181818181815,0.41818181818181815,0.41818181818181815,0
48,OMP,256,128,55,0.01,coherent,0.476760925184499,0.5818181818181818,0.5818181818181818,0.5818181818181818,0
48,OMP_LearnedUnion,256,128,55,0.01,coherent,0.47977539020071275,0.5818181818181818,0.5818181818181818,0.5818181818181818,0
48,CoSaMP,256,128,55,0.01,coherent,0.5625259120921727,0.4727272727272727,0.4727272727272727,0.4727272727272727,0
49,CorrelationTopK,256,128,55,0.01,coherent,0.6933800215958351,0.34545454545454546,0.34545454545454546,0.34545454545454546,0
49,LearnedSupportMLP,256,128,55,0.01,coherent,0.5826659150461042,0.34545454545454546,0.34545454545454546,0.34545454545454546,0
49,OMP,256,128,55,0.01,coherent,0.021467733224384663,0.9636363636363636,0.9636363636363636,0.9636363636363636,0
49,OMP_LearnedUnion,256,128,55,0.01,coherent,0.01941621194384128,0.9636363636363636,0.9636363636363636,0.9636363636363636,0
49,CoSaMP,256,128,55,0.01,coherent,0.48649857439448385,0.4909090909090909,0.4909090909090909,0.4909090909090909,0
